company_name,services,telephone,address
Micro94 - Accessoires et réparation ordinateur et téléphone,"
dépannage informatique
",09 72 99 84 26,"
10 rue Lénine 94200 Ivry sur Seine
Voir le plan "
IZENCIA,"
dépannage informatique
+1
",01 85 33 01 30,"
5 avenue Verdun 94200 Ivry sur Seine
Voir le plan "
Le Pink Concept,"
dépannage informatique
+1
",Opposé aux opérations de marketing,"
1 rue Sully 94220 Charenton le Pont
Voir le plan "
SOS Informatique.Com,"
dépannage informatique
+1
",Opposé aux opérations de marketing,"
100 avenue Gén Michel Bizot 75012 Paris
Voir le plan "
Tech Center,"
dépannage informatique
",07 52 52 75 63,"
184 rue Marcel Hartmann 94200 Ivry sur Seine
Voir le plan "
Multimédia Technologie Informatique MTI,"
vente de matériel, de consommables d'informatique
",Opposé aux opérations de marketing,"
134 rue Aubervilliers 75019 PARIS
Voir le plan "
Mick-informatique,"
dépannage informatique
+1
",06 17 49 64 22,"
116 boulevard Hôpital 75013 Paris
Voir le plan  "
Thomas Ginestra Ordilogique,"
dépannage informatique
",09 51 41 98 99,"
28 rue Epinettes 94410 Saint Maurice
Voir le plan "
Pcbeau,"
dépannage informatique
",Opposé aux opérations de marketing,"
19 avenue Italie 75013 Paris
Voir le plan "
Micro-System,"
conseils, services, maintenance en informatique
+1
",01 43 96 95 01,"
161 avenue Gén Leclerc 94700 Maisons Alfort
Voir le plan "
XEFI Paris,"
dépannage informatique
+1
",01 44 54 00 10,"
126 rue Charenton 75012 Paris
Voir le plan "
It Adept SARL,"
conseils, services, maintenance en informatique
",Opposé aux opérations de marketing,"
59 rue Prévoyance 94300 Vincennes
Voir le plan "
Sos Informatique,"
dépannage informatique
",01 75 43 58 44,"
112 avenue Paris Cs 60002 94300 Vincennes
Voir le plan "
Buro Charonne,"
dépannage informatique
+1
",Opposé aux opérations de marketing,"
Métro Alexandre Dumas 129 boulevard Charonne 75011 Paris
Voir le plan "
EveDrug,"
conseils, services, maintenance en informatique
",06 61 45 98 91,"
24 rue Lappe 75011 Paris
Voir le plan "
Green Micro,"
dépannage informatique
",01 70 07 77 75,"
173 rue Paris 93100 Montreuil
Voir le plan "
Atelier Mac et Pc,"
conseils, services, maintenance en informatique
+1
",01 45 73 12 36,"
158 avenue Paris 94300 Vincennes
Voir le plan "
Mus Services,"
conseils, services, maintenance en informatique
+1
",01 40 33 36 01,"
5 rue Orfila 75020 Paris
Voir le plan "
Doranco Espace Multimedia SAS,"
conseils, services, maintenance en informatique
",Opposé aux opérations de marketing,"
55 rue Lieut Thomas 93170 Bagnolet
Voir le plan "
PC Urgence,"
dépannage informatique
",09 70 40 81 52,"
7 Bis rue Decrès 75014 Paris
Voir le plan "
It Adept SARL,"
conseils, services, maintenance en informatique
",Opposé aux opérations de marketing,"
59 rue Prévoyance 94300 Vincennes
Voir le plan "
IT Premium,"
dépannage informatique
",09 83 24 51 47,"
3 rue Alençon 75015 Paris
Voir le plan "
Tesnima,"
dépannage informatique
",Opposé aux opérations de marketing,"
Magasin Informatique a Paris 18 rue Plantes 75014 Paris
Voir le plan "
Green Micro,"
dépannage informatique
",01 70 07 77 75,"
173 rue Paris 93100 Montreuil
Voir le plan "
Les Réparateurs Mac Et Pc,"
conseils, services, maintenance en informatique
+1
",06 65 01 86 53,"
31 rue Franklin 93100 Montreuil
Voir le plan "
Agence Intégrale de Services,"
conseils, services, maintenance en informatique
+1
",09 62 50 93 61,"
30 rue La Varenne 94100 Saint Maur des Fossés
Voir le plan "
Pc 3d Informatique,"
dépannage informatique
",01 41 74 90 88,"
12 avenue Charles VII 94100 Saint Maur des Fossés
Voir le plan "
Eco Hardware Experts Dépannage Informatique,"
conseils, services, maintenance en informatique
",09 53 97 88 12,"
Ctre Commercial Mar Vaugirard 16 rue Armand Moisant 75015 Paris
Voir le plan "
PC Urgence,"
dépannage informatique
",09 70 40 81 52,"
7 Bis rue Decrès 75014 Paris
Voir le plan "
Atoopc,"
dépannage informatique
+1
",01 40 60 79 52,"
278 rue Lecourbe 75015 Paris
Voir le plan "
D.M.L.,"
dépannage informatique
+1
",01 43 24 22 33,"
31 boulevard Liberté 94170 Perreux sur Marne (Le)
Voir le plan "
A2S&CO,"
dépannage informatique
+1
",01 81 80 00 00,"
60 rue Etienne Dolet 92240 Malakoff
Voir le plan "
Tt Systemes,"
dépannage informatique
+1
",01 46 64 18 87,"
35 avenue Gén Leclerc 92340 Bourg la Reine
Voir le plan "
Informatique Montparnasse SARL,"
dépannage informatique
",01 45 38 51 34,"
Galerie Des Parnassiens 18 rue Delambre 75014 Paris
Voir le plan "
Checkdev,"
dépannage informatique
+2
",07 87 77 99 22,"
128 rue La Boétie 75008 Paris
Voir le plan "
Funny Rent Tour,"
conseils, services, maintenance en informatique
+1
",Opposé aux opérations de marketing,"
59 rue Turbigo 75003 Paris
Voir le plan "
Baude Patrice BebeBob,"
dépannage informatique
",07 67 23 05 78,"
10 rue Paix 75002 Paris
Voir le plan "
Solution 26,"
assistance à domicile en informatique et Internet
+1
",Opposé aux opérations de marketing,"
23 avenue République 92320 Châtillon
Voir le plan "
Europrint,"
conseils, services, maintenance en informatique
",01 42 22 99 91,"
13 Bis avenue La Motte Picquet 75007 Paris
Voir le plan "
Aaai,"
dépannage informatique
+1
",01 55 07 07 07,"
11 Bis rue Jean Baptiste Pigalle 75009 Paris
Voir le plan "
Solution 26,"
assistance à domicile en informatique et Internet
+1
",Opposé aux opérations de marketing,"
23 avenue République 92320 Châtillon
Voir le plan "
Centre Informatique De Nogent,"
conseils, services, maintenance en informatique
+1
",01 41 95 18 67,"
16 rue Paul Bert 94130 Nogent sur Marne
Voir le plan "
Sebille Services,"
dépannage informatique
",01 48 83 34 89,"
129 Bis boulevard Créteil 94100 Saint Maur des Fossés
Voir le plan "
McPrice Mac Apple Shop Réparations,"
dépannage informatique
",Opposé aux opérations de marketing,"
24 avenue Raymond Poincaré 75116 Paris
Voir le plan "
LSR Informatique,"
dépannage informatique
",01 75 64 34 84,"
5 allée Erables 94000 Créteil
Voir le plan "
Generaligne,"
dépannage informatique
",06 67 58 36 84,"
167 avenue Jean Lolive 93500 Pantin
Voir le plan "
Docteur Ordinateur SAS,"
assistance à domicile en informatique et Internet
+1
",Opposé aux opérations de marketing,"
62 rue Brancion 75015 Paris
Voir le plan "
PC Diagnostic,"
dépannage informatique
",01 46 07 06 98,"
27 rue Marx Dormoy 75018 Paris
Voir le plan "
Association Formation Technologie Informatique Mayol Anna,"
associations culturelles, de loisirs
",Opposé aux opérations de marketing,"
96 rue Trois Fontanot 92000 NANTERRE
Voir le plan "
Aaai,"
dépannage informatique
+1
",01 55 07 07 07,"
11 Bis rue Jean Baptiste Pigalle 75009 Paris
Voir le plan "
Varcap informatique,"
dépannage informatique
",06 51 50 72 52,"
10 villa Buttes Chaumont 75019 Paris
Voir le plan "
3D Informatique,"
dépannage informatique
",09 80 90 65 19,"
92 rue La Fayette 75009 Paris
Voir le plan "
Reparation iPhone paris - IPhone Prestige,"
dépannage informatique
",07 56 97 26 77,"
33 avenue Marceau 75116 Paris
Voir le plan "
Starofservice,"
assistance à domicile en informatique et Internet
",,"
128 rue La Boétie 75008 Paris
Voir le plan "
Adelino Araujo,"
dépannage informatique
",06 64 88 64 52,"
9 rue Père Brottier 75016 PARIS
Voir le plan "
Curtis PC,"
dépannage informatique
",06 01 43 44 14,"
102 avenue Champs Elysées 75008 Paris
Voir le plan "
Multibiz.fr,"
conseils, services, maintenance en informatique
+1
",06 05 54 01 15,"
85 avenue Victor Hugo 93300 Aubervilliers
Voir le plan "
Atoopc,"
dépannage informatique
+1
",01 40 60 79 52,"
278 rue Lecourbe 75015 Paris
Voir le plan "
Reparation iPhone - Prestige Phone,"
dépannage informatique
+1
",07 80 80 14 55,"
prestige phone 27 avenue Anatole France 93500 Pantin
Voir le plan "
Ubikwi,"
dépannage informatique
",09 70 14 30 41,"
126 avenue Gén Leclerc 92100 Boulogne Billancourt
Voir le plan "
Kael Informatique,"
dépannage informatique
+1
",01 45 90 41 93,"
24 rue Garnier Pagès 94100 Saint Maur des Fossés
Voir le plan "
Varcap informatique,"
dépannage informatique
",06 51 50 72 52,"
10 villa Buttes Chaumont 75019 Paris
Voir le plan "
Digital Pro Informatique,"
dépannage informatique
",06 50 05 94 32,"
66 avenue Champs Elysées 75008 Paris
Voir le plan "
Dépannage Informatique,"
dépannage informatique
",01 84 21 33 21,"
19 rue Alsace 92300 Levallois Perret
Voir le plan "
PC Servimedia,"
conseils, services, maintenance en informatique
+1
",01 71 11 32 32,"
17 esplanade Courtieux BP 0 92150 Suresnes
Voir le plan "
Trésorvidéo Informatique et Multimédia,"
dépannage informatique
",07 82 32 60 54,"
1 rue Paris 94470 Boissy Saint Léger
Voir le plan "
Urgencemicro,"
dépannage informatique
",Opposé aux opérations de marketing,"
2 rue Val 92190 Meudon
Voir le plan "
BREF@SSISTANCE depannage informatique a domicile,"
conseils, services, maintenance en informatique
+1
",Opposé aux opérations de marketing,"
3 rue Mont Blanc 92160 Antony
Voir le plan "
Techpremium,"
dépannage informatique
",09 88 99 98 05,"
245 boulevard St Denis 92400 Courbevoie
Voir le plan "
McPrice Mac Apple Shop Réparations,"
dépannage informatique
",Opposé aux opérations de marketing,"
24 avenue Raymond Poincaré 75116 Paris
Voir le plan "
Paul Sos Informatique 92,"
dépannage informatique
",06 41 51 38 72,"
68 avenue Bois de Verrières 92160 Antony
Voir le plan "
Laurent Dépannage PC & MAC,"
dépannage informatique
",Opposé aux opérations de marketing,"
5 villa Sablons 92200 Neuilly sur Seine
Voir le plan "
Reparation iPhone paris - IPhone Prestige,"
dépannage informatique
",07 56 97 26 77,"
33 avenue Marceau 75116 Paris
Voir le plan "
Multibiz.fr,"
conseils, services, maintenance en informatique
+1
",06 05 54 01 15,"
85 avenue Victor Hugo 93300 Aubervilliers
Voir le plan "
Aid91 Informatique,"
conseils, services, maintenance en informatique
+1
",06 28 06 62 88,"
rue Pierre Brossolette 91430 Igny
Voir le plan "
OXYLOG,"
conseils, services, maintenance en informatique
",01 30 50 39 06,"
176 avenue Charles de Gaulle 92200 Neuilly sur Seine
Voir le plan "
Daniel Ceranic Informatique Services,"
dépannage informatique
+1
",06 08 96 10 96,"
18 rue Maurice Ravel 92230 Gennevilliers
Voir le plan "
Maint Info Electro,"
dépannage informatique
",06 95 91 21 38,"
25 rue Peupleraie 91160 Longjumeau
Voir le plan "
TRSB Groupe,"
conseils, services, maintenance en informatique
",01 76 21 42 00,"
Cs 20003 65 rue Trois Fontanot 92000 NANTERRE
Voir le plan "
Vassili Joffroy,"
dépannage informatique
+1
",07 60 48 73 34,"
8 rue Tertre 92150 Suresnes
Voir le plan "
Eco Hardware Experts Dépannage Informatique,"
conseils, services, maintenance en informatique
+2
",,"
Centre Commercial Marché Vaugirard 16 rue Armand Moisant 75015 Paris
Voir le plan "
DeadPhones,"
dépannage informatique
",01 69 06 87 49,"
7 rue Jean Danaux 91260 Juvisy sur Orge
Voir le plan "
McPrice Mac Apple Shop Réparations,"
dépannage informatique
",Opposé aux opérations de marketing,"
24 avenue Raymond Poincaré 75116 Paris
Voir le plan "
ASH-Loc,"
dépannage informatique
+1
",Opposé aux opérations de marketing,"
20 avenue Gén Leclerc 91120 Palaiseau
Voir le plan "
Meonet SARL,"
dépannage informatique
+1
",01 85 41 07 00,"
1 allée Effiat 91160 Longjumeau
Voir le plan "
Daniel Ceranic Informatique Services,"
dépannage informatique
+1
",06 08 96 10 96,"
18 rue Maurice Ravel 92230 Gennevilliers
Voir le plan "
Ciel Mon Ordi,"
dépannage informatique
+1
",01 46 20 30 58,"
47 rue Marcel Dassault 92100 Boulogne Billancourt
Voir le plan "
Avec Informatique 92,"
conseils, services, maintenance en informatique
+1
",01 41 09 93 68,"
139 avenue Verdun 92130 Issy les Moulineaux
Voir le plan "
Multibiz.fr,"
conseils, services, maintenance en informatique
+1
",06 05 54 01 15,"
85 avenue Victor Hugo 93300 Aubervilliers
Voir le plan "
Generaligne,"
dépannage informatique
",06 67 58 36 84,"
167 avenue Jean Lolive 93500 Pantin
Voir le plan "
TRSB Groupe,"
conseils, services, maintenance en informatique
",01 76 21 42 00,"
Cs 20003 65 rue Trois Fontanot 92000 NANTERRE
Voir le plan "
La Souris Verte,"
conseils, services, maintenance en informatique
+1
",01 69 83 75 05,"
6 rue Parmentier 91330 Yerres
Voir le plan "
Laurent Dépannage PC & MAC,"
dépannage informatique
",Opposé aux opérations de marketing,"
5 villa Sablons 92200 Neuilly sur Seine
Voir le plan "
Assistance PC 78,"
dépannage informatique
",01 30 21 07 07,"
15 boulevard St Antoine 78000 Versailles
Voir le plan "
KALPC Système,"
dépannage informatique
",09 50 60 77 01,"
119 hameau Printemps 94500 Champigny sur Marne
Voir le plan "
William Albert Informatique,"
conseils, services, maintenance en informatique
+1
",07 69 56 10 58,"
Siège Social 16 rue Bois Clair 91620 Nozay
Voir le plan "
Curtis PC,"
dépannage informatique
",06 01 43 44 14,"
102 avenue Champs Elysées 75008 Paris
Voir le plan "
XEFI Versailles,"
conseils, services, maintenance en informatique
+1
",01 30 21 07 00,"
15 boulevard St Antoine 78000 Versailles
Voir le plan "
Alt Panic Pc,"
dépannage informatique
",Opposé aux opérations de marketing,"
1 allée Maryse Bastié 95230 Soisy sous Montmorency
Voir le plan "
Ordinal Software,"
conseils, services, maintenance en informatique
",01 46 74 11 50,"
8 avenue Léon Harmel 92160 ANTONY
Voir le plan "
Nass-Info,"
dépannage informatique
",06 58 31 67 33,"
40 rue Goulet 93300 Aubervilliers
Voir le plan "
Maint Info Electro,"
dépannage informatique
",06 95 91 21 38,"
25 rue Peupleraie 91160 Longjumeau
Voir le plan "
Frédéric Chavanne,"
dépannage informatique
",06 43 09 87 59,"
16 avenue Rochefoucauld 95250 Beauchamp
Voir le plan "
SQYnet Informatique,"
assistance à domicile en informatique et Internet
+1
",Opposé aux opérations de marketing,"
4 rue Fabre d'Eglantine 78460 CHEVREUSE
Voir le plan "
France Informatique et Technologie SARL,"
dépannage informatique
",Opposé aux opérations de marketing,"
4 avenue Norvège BP 136 91940 ULIS (LES)
Voir le plan "
Info Dom,"
conseils, services, maintenance en informatique
+1
",06 51 89 90 62,"
6 avenue Bourgogne 95460 Ezanville
Voir le plan "
Techpremium,"
dépannage informatique
",09 88 99 98 05,"
245 boulevard St Denis 92400 Courbevoie
Voir le plan "
Ramdan telephone,"
dépannage informatique
",06 41 40 78 48,"
48 avenue Fernand Lefebvre 78300 Poissy
Voir le plan "
XEFI Versailles,"
conseils, services, maintenance en informatique
+1
",01 30 21 07 00,"
15 boulevard St Antoine 78000 Versailles
Voir le plan "
Sos Technologies SASU,"
assistance à domicile en informatique et Internet
+2
",01 39 62 44 62,"
50 rue Voltaire 78500 Sartrouville
Voir le plan "
Adelino Araujo,"
dépannage informatique
",06 64 88 64 52,"
9 rue Père Brottier 75016 PARIS
Voir le plan "
Orion It Consulting,"
dépannage informatique
+1
",01 84 19 99 99,"
17 rue Solférino 92100 Boulogne Billancourt
Voir le plan "
BREF@SSISTANCE depannage informatique a domicile,"
conseils, services, maintenance en informatique
+1
",Opposé aux opérations de marketing,"
3 rue Mont Blanc 92160 Antony
Voir le plan "
Paul Sos Informatique 92,"
dépannage informatique
",06 41 51 38 72,"
68 avenue Bois de Verrières 92160 Antony
Voir le plan "
William Albert Informatique,"
conseils, services, maintenance en informatique
+1
",07 69 56 10 58,"
Siège Social 16 rue Bois Clair 91620 Nozay
Voir le plan "
Informa'Lys,"
dépannage informatique
",09 51 41 33 37,"
108 rue Paroisse 78000 Versailles
Voir le plan "
Dépannage SOS Informatique 92,"
dépannage informatique
",01 75 43 58 45,"
 235 rue Galliéni 92100 Boulogne Billancourt
Voir le plan "
KALPC Système,"
dépannage informatique
",09 50 60 77 01,"
119 hameau Printemps 94500 Champigny sur Marne
Voir le plan "
Trésorvidéo Informatique et Multimédia,"
dépannage informatique
",07 82 32 60 54,"
1 rue Paris 94470 Boissy Saint Léger
Voir le plan "
Rep@rtoupc,"
dépannage informatique
",06 89 67 45 83,"
Centre Comercial Framprix 10 rue Auguste Hudier 77330 Ozoir la Ferrière
Voir le plan "
Help-Tech,"
dépannage informatique
",06 25 77 66 80,"
12 rue Henri Rol Tanguy 77500 Chelles
Voir le plan "
Dépannage SOS Informatique 92,"
dépannage informatique
",01 75 43 58 45,"
235 rue Galliéni 92100 Boulogne Billancourt
Voir le plan "
Adelino Araujo,"
dépannage informatique
",06 64 88 64 52,"
9 rue Père Brottier 75016 PARIS
Voir le plan "
Info France,"
dépannage informatique
+1
",01 45 76 99 00,"
Centre Commercial Du Moulin 10 rue Amboile 94430 Chennevières sur Marne
Voir le plan "
Groupe Informatique Développement Technologie G.I.D.T,"
dépannage informatique
",Opposé aux opérations de marketing,"
Pa De La Fontaine De Jouvence 17 rue Levacher Cintrat 91460 MARCOUSSIS
Voir le plan "
P@info,"
conseils, services, maintenance en informatique
+1
",01 30 37 01 28,"
97 Bis rue Victor Hugo 95480 Pierrelaye
Voir le plan "
Vassili Joffroy,"
dépannage informatique
+1
",07 60 48 73 34,"
8 rue Tertre 92150 Suresnes
Voir le plan "
Trésorvidéo Informatique et Multimédia,"
dépannage informatique
",07 82 32 60 54,"
1 rue Paris 94470 Boissy Saint Léger
Voir le plan "
Ramdan telephone,"
dépannage informatique
",06 41 40 78 48,"
48 avenue Fernand Lefebvre 78300 Poissy
Voir le plan "
SOS COMPUTER,"
dépannage informatique
",06 65 97 94 61,"
9 rue Pas de Calais 93800 Epinay sur Seine
Voir le plan "
Vitfast Services,"
dépannage informatique
",06 14 52 76 69,"
38 rue Abel Guyet 78370 Plaisir
Voir le plan "
Quotidiane,"
conseils, services, maintenance en informatique
+1
",01 61 38 30 93,"
30 Bis rue Vieil Abreuvoir 78100 Saint Germain en Laye
Voir le plan "
Urgencemicro,"
dépannage informatique
",Opposé aux opérations de marketing,"
2 rue Val 92190 Meudon
Voir le plan "
Flash Informatique Services | Pc | Mac | Mobile | Tablette,"
assistance à domicile en informatique et Internet
+1
",09 52 65 62 83,"
32 rue Roland Toutain 95100 Argenteuil
Voir le plan "
01 Portable,"
dépannage informatique
",01 56 83 25 67,"
32 rue Léon Maurice Nordmann 92250 Garenne Colombes (La)
Voir le plan "
L'atelier Mobile 91,"
dépannage informatique
",09 50 61 25 17,"
1 rue Doct Amodru 91590 Ferté Alais (La)
Voir le plan "
OXYLOG,"
conseils, services, maintenance en informatique
",01 30 50 39 06,"
176 avenue Charles de Gaulle 92200 Neuilly sur Seine
Voir le plan "
Depass Info,"
dépannage informatique
",Opposé aux opérations de marketing,"
7 rue Degremont 92500 Rueil Malmaison
Voir le plan "
Cogidis,"
conseils, services, maintenance en informatique
",Opposé aux opérations de marketing,"
Zac Des Chevries 9 rue Vieilles Granges 78410 Aubergenville
Voir le plan "
BEC-I,"
dépannage informatique
",Opposé aux opérations de marketing,"
18 rue Sagittaire 78990 Elancourt
Voir le plan "
Servedis,"
dépannage informatique
",01 64 21 00 46,"
Zone Industrielle Tuilerie 14 rue Cinq Perches 77500 Chelles
Voir le plan "
William Albert Informatique,"
conseils, services, maintenance en informatique
+1
",07 69 56 10 58,"
Siège Social 16 rue Bois Clair 91620 Nozay
Voir le plan "
P@info,"
conseils, services, maintenance en informatique
+1
",01 30 37 01 28,"
97 Bis rue Victor Hugo 95480 Pierrelaye
Voir le plan "
SQYnet Informatique,"
assistance à domicile en informatique et Internet
+1
",Opposé aux opérations de marketing,"
4 rue Fabre d'Eglantine 78460 CHEVREUSE
Voir le plan "
JoTech Maintenance Informatique,"
dépannage informatique
+1
",07 61 07 86 87,"
3 rue Tamaris 91480 Quincy sous Sénart
Voir le plan "
Meonet SARL,"
dépannage informatique
+1
",01 85 41 07 00,"
1 allée Effiat 91160 Longjumeau
Voir le plan "
Assistance Numérique Et Informatique 24h/24,"
conseils, services, maintenance en informatique
+1
",06 28 09 88 30,"
43 rue Albert Marquet 78670 Villennes sur Seine
Voir le plan "
Ordi O'Top,"
dépannage informatique
+1
",06 23 33 70 77,"
13 rue Falaise 78126 Aulnay sur Mauldre
Voir le plan "
Dsav Informatique SARL,"
conseils, services, maintenance en informatique
+1
",Opposé aux opérations de marketing,"
2 domaine Duchée 78121 Crespières
Voir le plan "
France Informatique et Technologie SARL,"
dépannage informatique
",Opposé aux opérations de marketing,"
4 avenue Norvège BP 136 91940 ULIS (LES)
Voir le plan "
L'atelier Mobile 91,"
dépannage informatique
",09 50 61 25 17,"
1 rue Doct Amodru 91590 Ferté Alais (La)
Voir le plan "
Assistech Informatique,"
dépannage informatique
+1
",01 39 22 39 81,"
4 rue Eglise 78300 Poissy
Voir le plan "
Lmci,"
dépannage informatique
",06 78 06 07 48,"
9 vieux chemin Paris 95270 Luzarches
Voir le plan "
Vassili Joffroy,"
dépannage informatique
+1
",07 60 48 73 34,"
8 rue Tertre 92150 Suresnes
Voir le plan "
1 Formatic'Services,"
dépannage informatique
+1
",01 60 43 87 10,"
5 rue Paris 77580 Villiers sur Morin
Voir le plan "
La Clinique Mobile et informatique,"
conseils, services, maintenance en informatique
",09 73 20 42 61,"
18 rue St Etienne 77000 Melun
Voir le plan "
Help-Tech,"
dépannage informatique
",06 25 77 66 80,"
12 rue Henri Rol Tanguy 77500 Chelles
Voir le plan "
FRV-Sense,"
conseils, services, maintenance en informatique
+1
",01 30 07 27 90,"
2 rue Georges Méliès 78390 Bois d'Arcy
Voir le plan "
Skill Desk,"
conseils, services, maintenance en informatique
+1
",07 49 19 01 38,"
4 rue Agriculture 92000 NANTERRE
Voir le plan "
Stefclic95,"
conseils, services, maintenance en informatique
+1
",06 62 17 47 47,"
7 square Provence 95620 Parmain
Voir le plan "
DI SAS,"
dépannage informatique
+1
",01 84 25 03 60,"
44 rue Vallée Yart 78640 Saint Germain de la Grange
Voir le plan "
Dsav Informatique SARL,"
conseils, services, maintenance en informatique
+1
",Opposé aux opérations de marketing,"
2 domaine Duchée 78121 Crespières
Voir le plan "
Info Dom,"
conseils, services, maintenance en informatique
+1
",06 51 89 90 62,"
6 avenue Bourgogne 95460 Ezanville
Voir le plan "
XEFI Versailles,"
conseils, services, maintenance en informatique
+1
",01 30 21 07 00,"
15 boulevard St Antoine 78000 Versailles
Voir le plan "
Mu Interactive,"
dépannage informatique
",Opposé aux opérations de marketing,"
4 chemin Marne 77450 Vignely
Voir le plan "
Adetei Association Pour Le Developpement De La Technique Et De L'Enseignement Informatique,"
réseaux informatiques
",,"
40 route Villemomble 93140 Bondy
Voir le plan "
Pc Okay,"
conseils, services, maintenance en informatique
+1
",Opposé aux opérations de marketing,"
34 rue Orangerie 78000 Versailles
Voir le plan "
Multimédia à Domicile,"
dépannage informatique
+1
",07 56 96 20 21,"
6 rue Prés 77580 Coulommes
Voir le plan "
Net's Go Informatique,"
dépannage informatique
",Opposé aux opérations de marketing,"
21 rue Royale 78000 Versailles
Voir le plan "
Quotidiane,"
conseils, services, maintenance en informatique
+1
",01 61 38 30 93,"
30 Bis rue Vieil Abreuvoir 78100 Saint Germain en Laye
Voir le plan "
Levert William,"
conseils, services, maintenance en informatique
+1
",Opposé aux opérations de marketing,"
 21 rue Jean Le Paire 77400 Dampmart
Voir le plan "
SQYnet Informatique,"
assistance à domicile en informatique et Internet
+1
",Opposé aux opérations de marketing,"
4 rue Fabre d'Eglantine 78460 CHEVREUSE
Voir le plan "
Assistance PC 78,"
dépannage informatique
",01 30 21 07 07,"
15 boulevard St Antoine 78000 Versailles
Voir le plan "
Cogidis,"
conseils, services, maintenance en informatique
",Opposé aux opérations de marketing,"
Zac Des Chevries 9 rue Vieilles Granges 78410 Aubergenville
Voir le plan "
Servedis,"
dépannage informatique
",01 64 21 00 46,"
Zone Industrielle Tuilerie 14 rue Cinq Perches 77500 Chelles
Voir le plan "
StoPCrash,"
conseils, services, maintenance en informatique
+1
",Opposé aux opérations de marketing,"
1 rue St Christophe 77720 Aubepierre Ozouer le Repos
Voir le plan "
PcDuo . Fr,"
conseils, services, maintenance en informatique
+1
",Opposé aux opérations de marketing,"
9 rue Gén Leclerc 92270 Bois Colombes
Voir le plan "
Toucan Informatique,"
dépannage informatique
",Opposé aux opérations de marketing,"
rue Quinconce 77200 Torcy
Voir le plan "
AKEIS Ets Dordain,"
conseils, services, maintenance en informatique
+1
",Opposé aux opérations de marketing,"
2 route Noue 91190 Gif sur Yvette
Voir le plan "
ASH-Loc,"
dépannage informatique
+1
",Opposé aux opérations de marketing,"
20 avenue Gén Leclerc 91120 Palaiseau
Voir le plan "
1 Formatic'Services,"
dépannage informatique
+1
",01 60 43 87 10,"
5 rue Paris 77580 Villiers sur Morin
Voir le plan "
Cogidis,"
conseils, services, maintenance en informatique
",Opposé aux opérations de marketing,"
Zac Des Chevries 9 rue Vieilles Granges 78410 Aubergenville
Voir le plan "
Pc Okay,"
dépannage informatique
+1
",01 30 21 78 06,"
46 rue Paris 78100 Saint Germain en Laye
Voir le plan "
M . C . I Informatique,"
conseils, services, maintenance en informatique
+1
",Opposé aux opérations de marketing,"
37 avenue Normandie Niemen 77270 Villeparisis
Voir le plan "
LA HALLE INFORMATIQUE - Milly la foret,"
dépannage informatique
",01 79 47 49 63,"
48 rue Jean Cocteau 91490 Milly la Forêt
Voir le plan "
Quotidiane,"
conseils, services, maintenance en informatique
+1
",01 61 38 30 93,"
30 Bis rue Vieil Abreuvoir 78100 Saint Germain en Laye
Voir le plan "
Groupe Informatique Développement Technologie G.I.D.T,"
dépannage informatique
",Opposé aux opérations de marketing,"
Pa De La Fontaine De Jouvence 17 rue Levacher Cintrat 91460 MARCOUSSIS
Voir le plan "
AMD INFO,"
conseils, services, maintenance en informatique
+1
",06 75 07 61 27,"
144 rue Marcel Pagnol 78370 Plaisir
Voir le plan "
BOULAND Fabrice,"
dépannage informatique
",06 61 95 44 06,"
9 rue Senlis 60560 Orry la Ville
Voir le plan "
Rep@rtoupc,"
dépannage informatique
",06 89 67 45 83,"
Centre Comercial Framprix 10 rue Auguste Hudier 77330 Ozoir la Ferrière
Voir le plan "
TECHNIQUE MENAGER ET INFORMATIQUE TMI 78 SARL,"
dépannage d'électroménager
+1
",01 30 49 02 96,"
Voie Latérale Sud 45 route Nationale 10 78310 Coignières
Voir le plan "
Astria Informatique,"
dépannage informatique
",06 76 70 64 71,"
3 chemin Brunets 91100 VILLABE
Voir le plan "
Am Informatique 91,"
dépannage informatique
+1
",06 95 30 48 05,"
place Mairie 91830 Coudray Montceaux (Le)
Voir le plan "
Adetei Association Pour Le Developpement De La Technique Et De L'Enseignement Informatique,"
réseaux informatiques
",,"
40 route Villemomble 93140 Bondy
Voir le plan "
Ybis Yvelines Bureautique Informatique Services,"
dépannage informatique
",01 39 79 28 88,"
4 rue Michel Jeunet 78300 Poissy
Voir le plan "
Security Clic Meaux,"
dépannage informatique
",07 68 89 41 01,"
11 rue Léon Barbier 77100 Meaux
Voir le plan "
La Clinique Mobile et informatique,"
conseils, services, maintenance en informatique
",09 73 20 42 61,"
18 rue St Etienne 77000 Melun
Voir le plan "
PCsolution Personal Computer Solution,"
dépannage informatique
+1
",09 80 80 70 80,"
7 avenue Jean Béranger 78160 Marly le Roi
Voir le plan "
Mu Interactive,"
dépannage informatique
",Opposé aux opérations de marketing,"
4 chemin Marne 77450 Vignely
Voir le plan "
Dépannage Informatique à domicile,"
dépannage informatique
",01 84 17 45 36,"
30 Bis rue Vieil Abreuvoir 78100 Saint Germain en Laye
Voir le plan "
Trustelect,"
conseils, services, maintenance en informatique
+1
",Opposé aux opérations de marketing,"
1 rue Cassiopée 77380 Combs la Ville
Voir le plan "
Dépannage Informatique à domicile,"
dépannage informatique
",01 84 17 45 36,"
30 Bis rue Vieil Abreuvoir 78100 Saint Germain en Laye
Voir le plan "
Assistech Informatique,"
dépannage informatique
+1
",01 39 22 39 81,"
4 rue Eglise 78300 Poissy
Voir le plan "
Security Clic Meaux,"
dépannage informatique
",07 68 89 41 01,"
11 rue Léon Barbier 77100 Meaux
Voir le plan "
Passion PC 82,"
dépannage informatique
+1
",06 63 51 86 95,"
385 avenue Paul Vaillant Couturier 77190 Dammarie les Lys
Voir le plan "
XEFI Coignières,"
dépannage informatique
+1
",Opposé aux opérations de marketing,"
Le sémaphore 45 route Nationale 10 78310 Coignières
Voir le plan "
AETI Assistance Etude Technique Informatique,"
conseils, services, maintenance en informatique
",01 64 66 08 64,"
17 rue Torcy 77600 Bussy Saint Georges
Voir le plan "
Orion Informatique,"
dépannage informatique
",07 78 25 79 06,"
51 Bis rue La Haye 78130 Mureaux (Les)
Voir le plan "
Rep@rtoupc,"
dépannage informatique
",06 89 67 45 83,"
Centre Comercial Framprix 10 rue Auguste Hudier 77330 Ozoir la Ferrière
Voir le plan "
Vitfast Services,"
dépannage informatique
",06 14 52 76 69,"
38 rue Abel Guyet 78370 Plaisir
Voir le plan "
SQYnet Informatique,"
assistance à domicile en informatique et Internet
+1
",Opposé aux opérations de marketing,"
4 rue Fabre d'Eglantine 78460 CHEVREUSE
Voir le plan "
FRV-Sense,"
conseils, services, maintenance en informatique
+1
",01 30 07 27 90,"
2 rue Georges Méliès 78390 Bois d'Arcy
Voir le plan "
Ita 2000,"
conseils, services, maintenance en informatique
+1
",01 34 24 20 00,"
Zone Industrielle Demi Lieue 45 rue Dieppe 95520 Osny
Voir le plan "
MBPS INFORMATIQUE,"
dépannage informatique
",Opposé aux opérations de marketing,"
125 avenue Fontainebleau 77310 SAINT FARGEAU PONTHIERRY
Voir le plan "
Ybis Yvelines Bureautique Informatique Services,"
dépannage informatique
",01 39 79 28 88,"
4 rue Michel Jeunet 78300 Poissy
Voir le plan "
BOULAND Fabrice,"
dépannage informatique
",06 61 95 44 06,"
9 rue Senlis 60560 Orry la Ville
Voir le plan "
Levert William,"
conseils, services, maintenance en informatique
+1
",Opposé aux opérations de marketing,"
21 rue Jean Le Paire 77400 Dampmart
Voir le plan "
Airria Informatique ORION NUMERIQUE,"
conseils, services, maintenance en informatique
",Opposé aux opérations de marketing,"
23 rue Hautes Rayes 78700 Conflans Sainte Honorine
Voir le plan "
Assistance Numérique Et Informatique 24h/24,"
conseils, services, maintenance en informatique
+1
",06 28 09 88 30,"
43 rue Albert Marquet 78670 Villennes sur Seine
Voir le plan "
Dsav Informatique SARL,"
conseils, services, maintenance en informatique
+1
",Opposé aux opérations de marketing,"
2 domaine Duchée 78121 Crespières
Voir le plan "
Adetei Association Pour Le Developpement De La Technique Et De L'Enseignement Informatique,"
réseaux informatiques
",,"
40 route Villemomble 93140 Bondy
Voir le plan "
Multimédia à Domicile,"
dépannage informatique
+1
",07 56 96 20 21,"
6 rue Prés 77580 Coulommes
Voir le plan "
Proxym'IT,"
conseils, services, maintenance en informatique
+1
",Opposé aux opérations de marketing,"
5 rue Pasteur 95830 Cormeilles en Vexin
Voir le plan "
